{
  "generated_at": "2026-03-04T14:42:38.388392",
  "profile": "stable",
  "windows": [
    180,
    365,
    730
  ],
  "regime_symbol": "BTCUSDT",
  "method": {
    "comparison": "signal_level",
    "hot_backtest": "proxy_simulation_for_grid_spot_dca_recurring",
    "confidence_method": "block_bootstrap",
    "bootstrap_iters": 3000,
    "bootstrap_block": 7,
    "confidence": 0.95
  },
  "hot_weights_source": "/Users/rongts/.agents/skills/crypto-balanced-strategy/results/hot_strategy_advice_20260304_141708.json",
  "hot_internal_weights": {
    "grid": 0.3558471442107169,
    "spot_dca": 0.3277012618467116,
    "recurring": 0.31645159394257155
  },
  "per_window": {
    "180": {
      "local": {
        "cum_return": 0.08162670419953688,
        "cagr": 0.17246907460985028,
        "sharpe": 1.137068766046482,
        "positive_day_rate": 0.2,
        "active_exposure_rate": 0.3277777777777778,
        "avg_gross_exposure": 0.09262527561648039,
        "up_capture": 0.16601906729910176,
        "down_capture": 0.0786387874840987,
        "corr_to_btc": 0.28400433806562786
      },
      "hot_mix_proxy": {
        "cum_return": -0.1991250474088374,
        "cagr": -0.36254333754455303,
        "sharpe": -1.6200535220641266,
        "positive_day_rate": 0.4666666666666667,
        "up_capture": 0.46174941627220106,
        "down_capture": 0.4682654150062933,
        "corr_to_btc": 0.9526462299017241
      },
      "hot_components_proxy": {
        "grid": {
          "cum_return": -0.3060196782215411,
          "cagr": -0.523253746914122,
          "sharpe": -1.512778407447424,
          "positive_day_rate": 0.4666666666666667,
          "up_capture": 0.8112946527746332,
          "down_capture": 0.7990029689682725,
          "corr_to_btc": 0.9640723370304985
        },
        "spot_dca": {
          "cum_return": -0.023513490449771024,
          "cagr": -0.04710412518989038,
          "sharpe": -1.7920890411132073,
          "positive_day_rate": 0.3888888888888889,
          "up_capture": 0.044270935395077204,
          "down_capture": 0.04712083294266338,
          "corr_to_btc": 0.7723388319455896
        },
        "recurring": {
          "cum_return": -0.2524693870775183,
          "cagr": -0.44569645104209454,
          "sharpe": -1.7057709119204534,
          "positive_day_rate": 0.4666666666666667,
          "up_capture": 0.5010083457048211,
          "down_capture": 0.5324698535064089,
          "corr_to_btc": 0.9142502930185126
        }
      }
    },
    "365": {
      "local": {
        "cum_return": 0.6706008672980031,
        "cagr": 0.6706008672980031,
        "sharpe": 2.350991963190372,
        "positive_day_rate": 0.3041095890410959,
        "active_exposure_rate": 0.5315068493150685,
        "avg_gross_exposure": 0.22795324233472242,
        "up_capture": 0.3806873991182544,
        "down_capture": 0.18254525950842454,
        "corr_to_btc": 0.3665628786288182
      },
      "hot_mix_proxy": {
        "cum_return": -0.11871110835257692,
        "cagr": -0.11871110835257692,
        "sharpe": -0.580945595482591,
        "positive_day_rate": 0.4931506849315068,
        "up_capture": 0.31136218262002857,
        "down_capture": 0.3328051593332629,
        "corr_to_btc": 0.8911265467360823
      },
      "hot_components_proxy": {
        "grid": {
          "cum_return": -0.08280401690031636,
          "cagr": -0.08280401690031636,
          "sharpe": -0.1645218509320785,
          "positive_day_rate": 0.40821917808219177,
          "up_capture": 0.40827593620994934,
          "down_capture": 0.40431240398588125,
          "corr_to_btc": 0.8314206018573637
        },
        "spot_dca": {
          "cum_return": 0.004882272870623261,
          "cagr": 0.004882272870623261,
          "sharpe": 0.23316686596117528,
          "positive_day_rate": 0.4684931506849315,
          "up_capture": 0.04415320294217264,
          "down_capture": 0.04034619633676716,
          "corr_to_btc": 0.8175913466705376
        },
        "recurring": {
          "cum_return": -0.2868304938668472,
          "cagr": -0.2868304938668472,
          "sharpe": -1.0394607183882565,
          "positive_day_rate": 0.4904109589041096,
          "up_capture": 0.4790915870012993,
          "down_capture": 0.5552515737605381,
          "corr_to_btc": 0.8577129552963924
        }
      }
    },
    "730": {
      "local": {
        "cum_return": 1.1625966117528383,
        "cagr": 0.47057696559984175,
        "sharpe": 1.7054458958237175,
        "positive_day_rate": 0.3287671232876712,
        "active_exposure_rate": 0.6301369863013698,
        "avg_gross_exposure": 0.2351796897277874,
        "up_capture": 0.318957597894227,
        "down_capture": 0.20176401350448386,
        "corr_to_btc": 0.43797511423673896
      },
      "hot_mix_proxy": {
        "cum_return": 0.08691640711358439,
        "cagr": 0.04255283180929714,
        "sharpe": 0.3428646386742852,
        "positive_day_rate": 0.4986301369863014,
        "up_capture": 0.29409832077434256,
        "down_capture": 0.2882229779417343,
        "corr_to_btc": 0.9414024879682997
      },
      "hot_components_proxy": {
        "grid": {
          "cum_return": 0.3809554814009397,
          "cagr": 0.17514062196868152,
          "sharpe": 0.7716622662789673,
          "positive_day_rate": 0.33013698630136984,
          "up_capture": 0.37910595467930747,
          "down_capture": 0.3335196665891892,
          "corr_to_btc": 0.8051623469489264
        },
        "spot_dca": {
          "cum_return": 0.011030271421197613,
          "cagr": 0.005500010652012666,
          "sharpe": 0.4667571777802008,
          "positive_day_rate": 0.4589041095890411,
          "up_capture": 0.021540153247806584,
          "down_capture": 0.020614085254432268,
          "corr_to_btc": 0.81274424696452
        },
        "recurring": {
          "cum_return": -0.16579468491210436,
          "cagr": -0.08665159162130487,
          "sharpe": -0.17999644781865823,
          "positive_day_rate": 0.49726027397260275,
          "up_capture": 0.48075540449439114,
          "down_capture": 0.5144094655048869,
          "corr_to_btc": 0.830983657330664
        }
      }
    }
  },
  "bootstrap_365": {
    "iterations": 3000,
    "block_size": 7,
    "confidence": 0.95,
    "prob_local_outperform": 0.992,
    "ci_local_cum_return": [
      0.08287683066752534,
      1.7135782387859135
    ],
    "ci_hot_cum_return": [
      -0.37234926025756976,
      0.1524323932586842
    ],
    "ci_diff_cum_return": [
      0.12558853922569535,
      1.8543943267924752
    ],
    "median_diff_cum_return": 0.7713877326657044
  },
  "verdict": "local_higher_with_confidence",
  "gate": {
    "mode": "hold_cash",
    "risk_rising_used": true,
    "active_profile": "stable",
    "target_profile": "stable",
    "switch_results_file": "/Users/rongts/.agents/skills/crypto-balanced-strategy/results/switch_20260304_144237.json"
  },
  "allocation_recommendation": {
    "local_strategy_ratio": 0.95,
    "hot_strategy_ratio": 0.05,
    "hot_internal_ratio": {
      "grid": 0.3558,
      "spot_dca": 0.3277,
      "recurring": 0.3165
    },
    "gate_block": true,
    "gate_mode": "hold_cash",
    "risk_rising_used": true,
    "amounts_usdt": {
      "local_strategy": 1234.94,
      "hot_strategy": 65.0,
      "hot_grid": 23.13,
      "hot_spot_dca": 21.3,
      "hot_recurring": 20.57
    }
  }
}
